{
  "hash": "5fd47c69",
  "browserHash": "41b1b376",
  "optimized": {
    "@angular/common": {
      "src": "../../../../../node_modules/@angular/common/fesm2022/common.mjs",
      "file": "@angular_common.js",
      "fileHash": "35242438",
      "needsInterop": false
    },
    "@angular/common/http": {
      "src": "../../../../../node_modules/@angular/common/fesm2022/http.mjs",
      "file": "@angular_common_http.js",
      "fileHash": "13e15f2c",
      "needsInterop": false
    },
    "@angular/core": {
      "src": "../../../../../node_modules/@angular/core/fesm2022/core.mjs",
      "file": "@angular_core.js",
      "fileHash": "17fd18f8",
      "needsInterop": false
    },
    "@angular/forms": {
      "src": "../../../../../node_modules/@angular/forms/fesm2022/forms.mjs",
      "file": "@angular_forms.js",
      "fileHash": "aacd5878",
      "needsInterop": false
    },
    "@angular/platform-browser": {
      "src": "../../../../../node_modules/@angular/platform-browser/fesm2022/platform-browser.mjs",
      "file": "@angular_platform-browser.js",
      "fileHash": "00f5509b",
      "needsInterop": false
    },
    "@angular/router": {
      "src": "../../../../../node_modules/@angular/router/fesm2022/router.mjs",
      "file": "@angular_router.js",
      "fileHash": "bac84d5f",
      "needsInterop": false
    }
  },
  "chunks": {
    "chunk-B64L7RX5": {
      "file": "chunk-B64L7RX5.js"
    },
    "chunk-PC3NC6BJ": {
      "file": "chunk-PC3NC6BJ.js"
    },
    "chunk-R52GMMSE": {
      "file": "chunk-R52GMMSE.js"
    },
    "chunk-PNGLU4PE": {
      "file": "chunk-PNGLU4PE.js"
    }
  }
}